File.Name	Precursors.Identified	Proteins.Identified	Total.Quantity	MS1.Signal	MS2.Signal	FWHM.Scans	FWHM.RT	Median.Mass.Acc.MS1	Median.Mass.Acc.MS1.Corrected	Median.Mass.Acc.MS2	Median.Mass.Acc.MS2.Corrected	MS2.Mass.Instability	Normalisation.Instability	Median.RT.Prediction.Acc	Average.Peptide.Length	Average.Peptide.Charge	Average.Missed.Tryptic.Cleavages
\\172.16.13.136\share\members\Dongzhen\ProteomEx2_benchmark\LC_gradients\N20221016dongz_ProteomEx2_exp_I\N20221016dongzhen_ProteomEx2_35min_DIA_1_Slot1-10_1_16001.d	44073	4930	1.18036e+09	14043987246	1112199568788	2.462	0.105	2.96762	1.87693	4.02233	2.52326	0	0.0871463	0.064904	12.764	2.235	0.285
\\172.16.13.136\share\members\Dongzhen\ProteomEx2_benchmark\LC_gradients\N20221016dongz_ProteomEx2_exp_I\N20221016dongzhen_ProteomEx2_35min_DIA_2_Slot1-10_1_16003.d	46589	5016	1.24994e+09	13871411740	1095099734344	2.513	0.107	2.01533	1.92832	3.00352	2.54812	0	0.103351	0.061606	12.672	2.234	0.292
\\172.16.13.136\share\members\Dongzhen\ProteomEx2_benchmark\LC_gradients\N20221016dongz_ProteomEx2_exp_I\N20221016dongzhen_ProteomEx2_35min_DIA_3_Slot1-10_1_16006.d	46077	5063	1.25518e+09	14528506753	1127862340440	2.533	0.108	1.88969	1.79271	2.57436	2.43477	0	0.179311	0.0603834	12.699	2.236	0.299
\\172.16.13.136\share\members\Dongzhen\ProteomEx2_benchmark\LC_gradients\N20221016dongz_ProteomEx2_exp_I\N20221016dongzhen_ProteomEx2_65min_DIA_1_Slot1-10_1_16002.d	54044	5143	2.06073e+09	18801318982	1576661624300	3.468	0.148	2.96731	1.74514	4.29397	2.57999	0	0.0760378	0.0699123	12.598	2.259	0.283
\\172.16.13.136\share\members\Dongzhen\ProteomEx2_benchmark\LC_gradients\N20221016dongz_ProteomEx2_exp_I\N20221016dongzhen_ProteomEx2_65min_DIA_2_Slot1-10_1_16005.d	52746	5163	2.05192e+09	19129106957	1570884182728	3.547	0.152	1.80309	1.83483	2.85139	2.65247	0	0.0867704	0.0658519	12.603	2.256	0.276
\\172.16.13.136\share\members\Dongzhen\ProteomEx2_benchmark\LC_gradients\N20221016dongz_ProteomEx2_exp_I\N20221016dongzhen_ProteomEx2_65min_DIA_3_Slot1-10_1_16007.d	53431	5227	2.0452e+09	19158262015	1574624417996	3.403	0.145	1.90274	1.83073	2.72346	2.53161	0	0.0895779	0.0585762	12.541	2.255	0.282
